<?xml version="1.0" encoding="UTF-8"?>
<!DOCTYPE log4j:configuration PUBLIC "-//APACHE//DTD LOG4J 1.2//EN" "log4j.dtd">
<log4j:configuration xmlns:log4j="http://jakarta.apache.org/log4j/">

    <!-- Appenders -->
    <appender name="consoleAppender" class="org.apache.log4j.ConsoleAppender">
        <param name="Target" value="System.out" />
        <layout class="org.apache.log4j.PatternLayout">
            <param name="ConversionPattern" value="%d{yyyy-MM-dd hh:mm:ss} %-5p-%-10c:%m %M %n" />
        </layout>
    </appender>
    <appender name="fileAppender" class="org.apache.log4j.RollingFileAppender">
        <param name="append" value="true" />
        <param name="file" value="log/Logger.log" />
        <layout class="org.apache.log4j.PatternLayout">
            <param name="ConversionPattern" value="%d{ABSOLUTE} %-5p [%c{1}] %m%n" />
        </layout>
    </appender>

    <root>
        <level value="trace" />
        <appender-ref ref="consoleAppender" />
        <appender-ref ref="fileAppender" />
    </root>

</log4j:configuration>
