<?xml version="1.0" encoding="UTF-8"?>
<!--<?xml-stylesheet type="text/xsl" href="movestyle.xsl" ?>-->
<!--
To change this license header, choose License Headers in Project Properties.
To change this template file, choose Tools | Templates
and open the template in the editor.
-->
  
<movies xmlns="http://www.movies.org"
        xmlns:xsi="http://www.w3.org/2001/XMLSchema-instance"
        xsi:schemaLocation=
                          "http://www.movies.org
                           movelists.xsd">
<!--<movies>-->
    <movie>
        <title>The Break-Up</title>
        <prepurchase>true</prepurchase>
        <rating>G</rating>
        <mtime>
            <time>12:00:00</time>
            <time>13:50:00</time>
            <time>14:35:00</time>
            <time>16:25:00</time>
            <time>17:10:00</time>
            <time>19:00:00</time>
            <time>19:50:00</time>
            <time>21:35:00</time>
            <time>22:25:00</time>
        </mtime> 
        <release>2006-06-02</release> 
        <duration>PT1H46M</duration>
        <genres>
            <genre>Comedy</genre> 
        </genres>
        <actors>
            <aname>Vince Vaughn</aname>
            <aname>Jennifer Aniston</aname>
            <aname>Joey Lauren Adams</aname>
            <aname>Ann-Margret</aname>
            <aname>Jason Bateman</aname>
        </actors>
        <directors>
            <director>Peyton Reed</director>
        </directors>
        <producers>
            <producer>Vince Vaughn</producer>
        </producers>
        <writer>
            <wname>Jay Lavender</wname>
            <wname>Jeremy Garelick</wname>
            <wname>Vince Vaughn</wname>
        </writer> 
        <studios>
            <studio>Universal Pictures</studio>
        </studios>
    </movie>

    <movie>
        <title>Cars</title>
        <prepurchase>true</prepurchase>
        <rating>G</rating>
        <mtime>
            <time>12:25:00</time>
            <time>13:00:00</time>
            <time>15:15:00</time>
            <time>16:05:00</time>
            <time>18:30:00</time>
            <time>21:15:00</time>
            <time>21:55:00</time>
        </mtime> 
        <release>2006-06-09</release> 
        <duration>PT1H57M</duration>
        <genres> 
            <genre>Animation</genre> 
        </genres>
        <actors>
            <aname>Paul Newman</aname>
            <aname>Owen Wilson</aname>
            <aname>Bonnie Hunt</aname>
            <aname>&quot;Larry the Cable Guy&quot;</aname>
            <aname>Cheech Marin</aname>
        </actors>
        <directors>
            <director>John Lasseter</director>
        </directors>
        <producers>
            <producer>Darla Anderson</producer>
        </producers>
        <writer>
            <wname>John Lasseter</wname>
        </writer>
        <studios>
            <studio>Buena Vista</studio>
        </studios>
    </movie>

    <movie>
        <title>Click</title>
        <prepurchase>false</prepurchase>
        <rating>G</rating>
        <mtime>
            <time>11:45:00</time>
            <time>12:15:00</time>
            <time>12:45:00</time>
            <time>13:30:00</time>
            <time>14:15:00</time>
            <time>15:00:00</time>
            <time>15:30:00</time>
            <time>16:15:00</time>
            <time>17:00:00</time>
            <time>17:45:00</time>
            <time>18:15:00</time>
            <time>19:45:00</time>
            <time>20:30:00</time>
            <time>20:55:00</time>
            <time>21:45:00</time>
            <time>22:30:00</time>
        </mtime>
        <release>2006-06-23</release> 
        <duration>PT1H37M</duration> 
        <genres>
            <genre>Comedy</genre> 
        </genres>
        <actors>
            <aname>Adam Sandler</aname>
            <aname>Christopher Walken</aname>
            <aname>Kate Beckinsale</aname>
            <aname>David Hasselhoff</aname>
            <aname>Sean Astin</aname>
        </actors>
        <directors>
            <director>Frank Coraci</director>
        </directors>
        <producers>
            <producer>Neal H Moritz</producer>
            <producer>Jack Giarraputo</producer>
            <producer>Adam Sandler</producer>
        </producers>
        <writer>
            <wname>Steven Koren</wname>
            <wname>Mark O&apos;Keefe</wname>
            <wname>Tim Herlihy</wname>
        </writer>
        <studios>
            <studio>Sony Pictures Releasing</studio>
        </studios>
    </movie>
    
    <movie>
        <title>District B-13 (Banlieue 13)</title>
        <prepurchase>false</prepurchase>
        <rating>13+</rating>
        <mtime>
            <time>12:05:00</time>
            <time>14:15:00</time>
            <time>16:25:00</time>
            <time>19:15:00</time>
            <time>21:25:00</time>
        </mtime>
        <release>2006-06-02</release>
        <duration>PT1H25M</duration>
        <genres>
            <genre>SciFi</genre>
            <genre>Fantasy</genre>
        </genres>
        <actors>
            <aname>Cyril Raffaelli</aname>
            <aname>David Belle</aname>
            <aname>Tony D&apos;Amario</aname>
            <aname>Bibi Naceri</aname>
            <aname>Dany Verissimo</aname>
        </actors> 
        <directors>
            <director>Pierre Morel</director>
        </directors>
        <producers>
            <producer>Luc Besson</producer>
        </producers>
        <writer>
            <wname>Luc Besson</wname>
            <wname>Bibi Naceri</wname>
        </writer>
        <studios>
            <studio>Magnolia Pictures</studio>
        </studios>
    </movie>
    
    <movie>
        <title>Garfield: A Tail of Two Kitties</title>
        <prepurchase>true</prepurchase>
        <rating>G</rating>
        <mtime>
            <time>12:30:00</time>
            <time>14:35:00</time>
            <time>16:40:00</time>
            <time>19:00:00</time>
            <time>21:00:00</time>
        </mtime> 
        <release>2006-06-16</release>
        <duration>PT1H20M</duration>
        <genres>
            <genre>Animation</genre>
        </genres>
        <actors>
            <aname>Breckin Meyer</aname>
            <aname>Jennifer Love Hewitt</aname>
            <aname>Billy Connolly</aname>
            <aname>Lucy Davis</aname>
            <aname>Bill Murray</aname>
        </actors>
        <directors>
            <director>Tim Hill</director>
        </directors>
        <producers>
            <producer>John Davis</producer>
        </producers> 
        <writer>
            <wname>Alec Sokolow</wname>
            <wname>Joel Cohen</wname>
        </writer>
        <studios>
            <studio>20th Century Fox</studio>
        </studios>
    </movie>
    
    <movie>
        <title>The Heart of the Game</title>
        <prepurchase>false</prepurchase>
        <rating>G</rating>
        <mtime>
            <time>12:00:00</time>
            <time>14:30:00</time>
            <time>16:05:00</time>
            <time>18:35:00</time>
            <time>21:05:00</time>
        </mtime> 
        <release>2006-07-07</release>
        <duration>PT1H42M</duration> 
        <genres>
            <genre>Documentary</genre>
        </genres>
        <actors>
            <aname>Darnelia Russell</aname>
            <aname>Bill Resler</aname>
            <aname>Devon Crosby-Helms</aname>
            <aname>Meghan Miller</aname>
            <aname>Jade White</aname>
        </actors>
        <directors>
            <director>Ward Serrill</director>
        </directors> 
        <producers>
            <producer>Ward Serrill</producer>
            <producer>Liz Manne</producer>
        </producers> 
        <writer>
            <wname>Ward Serrill</wname>
        </writer>
        <studios>
            <studio>Miramax Films</studio>
        </studios>
    </movie>
    
    <movie>
        <title>An Inconvenient Truth</title>
        <prepurchase>true</prepurchase>
        <rating>G</rating>
        <mtime>
            <time>12:10:00</time>
            <time>12:50:00</time>
            <time>14:25:00</time>
            <time>15:10:00</time>
            <time>16:45:00</time>
            <time>17:30:00</time>
            <time>19:15:00</time>
            <time>19:50:00</time>
            <time>21:35:00</time>
            <time>22:10:00</time>
        </mtime> 
        <release>2006-05-24</release>
        <duration>PT1H40M</duration>
        <genres>
            <genre>Documentary</genre>
        </genres> 
        <actors>
            <aname>Al Gore</aname>
        </actors>
        <directors>
            <director>Davis Guggenheim</director>
        </directors>
        <producers>
            <producer>Lawrence Bender</producer>
            <producer>Scott Z. Burns</producer>
            <producer>Laurie David</producer>
            <producer>Al Gore</producer>
        </producers>
        <studios>
            <studio>Paramount Classics</studio>
        </studios>
    </movie>
    <movie>
        <title>Keeping Up With the Steins</title>
        <prepurchase>true</prepurchase>
        <rating>G</rating>
        <mtime>
            <time>13:15:00</time>
            <time>15:30:00</time>
            <time>17:45:00</time>
            <time>20:00:00</time>
            <time>22:15:00</time>
        </mtime>
        <release>2006-05-12</release>
        <duration>PT1H39M</duration> 
        <genres>
            <genre>Comedy</genre>
        </genres>
        <actors>
            <aname>Jami Gertz</aname>
            <aname>Daryl Hannah</aname>
            <aname>Garry Marshall</aname>
            <aname>Jeremy Piven</aname>
            <aname>Doris Roberts</aname>
        </actors>
        <directors>
            <director>Scott Marshall</director>
        </directors>
        <producers>
            <producer>A.D. Oppenheim</producer>
            <producer>David Scharf</producer>
            <producer>Mark Zakarin</producer>
        </producers>
        <writer>
            <wname>Mark Zakarin</wname>
        </writer> 
        <studios>
            <studio>Miramax Films</studio>
        </studios>
    </movie>
    
    <movie>
        <title>Krrish</title>
        <prepurchase>false</prepurchase>
        <rating>unrated</rating>
        <mtime>
            <time>13:00:00</time>
            <time>16:45:00</time>
            <time>20:30:00</time>
        </mtime>
        <duration>PT2H55M</duration> 
        <genres>
            <genre>Romance</genre>
        </genres> 
        <actors>
            <aname>Hrithik Roshan</aname>
            <aname>Priyanka Chopra</aname>
            <aname>Naseruddin Shah</aname>
            <aname>Rekha</aname>
            <aname>Sharat Saxena</aname>
        </actors> 
        <directors>
            <director>Rakesh Roshan</director>
        </directors>
        <producers>
            <producer>Rakesh Roshan</producer>
        </producers>
        <writer>
            <wname>Robin Bhatt</wname>
            <wname>Sachin Bhowmick</wname>
        </writer>
        <studios> 
            <studio>Adlabs Films</studio>
        </studios>
    </movie>
    
    <movie>
        <title>The Lake House</title>
        <prepurchase>true</prepurchase>
        <rating>G</rating>
        <mtime>
            <time>12:20:00</time>
            <time>14:10:00</time>
            <time>15:05:00</time>
            <time>16:35:00</time>
            <time>17:30:00</time>
            <time>19:05:00</time>
            <time>19:55:00</time>
            <time>21:30:00</time>
            <time>22:25:00</time>
        </mtime>
        <release>2006-06-16</release>
        <duration>PT1H45M</duration> 
        <genres>
            <genre>Drama</genre>
        </genres>
        <actors>
            <aname>Keanu Reeves</aname>
            <aname>Sandra Bullock</aname>
            <aname>Christopher Plummer</aname>
            <aname>Lynn Collins</aname>
            <aname>Shohreh Aghdashloo</aname>
        </actors>
        <directors>
            <director>Alejandro Agresti</director>
        </directors>
        <producers>
            <producer>Doug Davison</producer>
            <producer>Roy Lee</producer>
        </producers>
        <writer>
            <wname>David Auburn</wname>
        </writer> 
        <studios>
            <studio>Warner Bros.</studio>
        </studios>
    </movie>
    <movie>
        <title>The Lost City</title>
        <prepurchase>true</prepurchase>
        <rating>13+</rating> 
        <mtime>
            <time>12:50:00</time>
            <time>16:00:00</time>
            <time>19:10:00</time>
            <time>21:20:00</time>
        </mtime>
        <release>2006-04-28</release> 
        <duration>PT2H23M</duration> 
        <genres>
            <genre>Drama</genre>
        </genres> 
        <actors>
            <aname>Steven Bauer</aname>
            <aname>Richard Bradford</aname>
            <aname>Nestor Carbonell</aname>
            <aname>Lorena Feijóo</aname>
            <aname>Andy Garcia</aname>
        </actors>
        <directors>
            <director>Andy Garcia</director>
        </directors>
        <producers>
            <producer>Andy Garcia</producer>
            <producer>Frank Mancuso</producer>
            <producer>Jr</producer>
        </producers> 
        <writer>
            <wname>G. Cabrera Infante</wname>
        </writer>
        <studios>
            <studio>Magnolia Pictures</studio>
        </studios>
    </movie>
    <movie>
        <title>Over the Hedge</title>
        <prepurchase>true</prepurchase>
        <rating>G</rating>
        <mtime>
            <time>12:30:00</time>
            <time>14:45:00</time>
            <time>16:55:00</time>
            <time>19:20:00</time>
            <time>21:30:00</time>
        </mtime> 
        <release>2006-05-19</release>
        <duration>PT1H27M</duration> 
        <genres>
            <genre>Comedy</genre>
        </genres>
        <actors>
            <aname>Bruce Willis</aname>
            <aname>Garry Shandling</aname>
            <aname>William Shatner</aname>
            <aname>Wanda Sykes</aname>	
            <aname>Nick Nolte</aname>
        </actors>
        <directors>
            <director>Tim Johnson</director>
            <director>Karey Kirkpatrick</director>
        </directors>
        <producers>
            <producer>Bonnie Arnold</producer>
        </producers>
        <writer>
            <wname>Len Blum</wname>
            <wname>Michael Fry</wname>	
            <wname>T Lewis</wname>
        </writer>
        <studios>
            <studio>Dreamworks</studio>
        </studios>
    </movie>
    <movie>
        <title>A Prairie Home Companion</title>
        <prepurchase>true</prepurchase>
        <rating>G</rating>
        <mtime>
            <time>12:05:00</time>
            <time>14:30:00</time>
            <time>17:00:00</time>
            <time>19:35:00</time>
            <time>22:00:00</time>
        </mtime> 
        <release>2006-06-09</release>
        <duration>PT1H40M</duration>
        <genres>
            <genre>Comedy</genre>
        </genres>
        <actors>
            <aname>Woody Harrelson</aname>
            <aname>Tommy Lee Jones</aname>
            <aname>Garrison Keillor</aname>
            <aname>Kevin Kline</aname>
            <aname>Lindsay Lohan</aname>
        </actors> 
        <directors>
            <director>Robert Altman</director>
        </directors>
        <producers>
            <producer>Robert Altman</producer>
            <producer>Wren Arthur</producer>
            <producer>Joshua Astrachan</producer>
            <producer>Tony Judge</producer>
            <producer>David Levy</producer>
        </producers>
        <writer>
            <wname>Garrison Keillor</wname>
        </writer>
        <studios>
            <studio>Picturehouse</studio>
        </studios>
    </movie>
    <movie>
        <title>The Road to Guantanamo</title>
        <prepurchase>false</prepurchase>
        <rating>13+</rating>
        <mtime>
            <time>12:40:00</time>
            <time>15:00:00</time>
            <time>17:20:00</time>
            <time>19:40:00</time>
            <time>22:00:00</time>
        </mtime>
        <release>2006-06-23</release>
        <duration>PT1H35M</duration>
        <genres>
            <genre>Documentary</genre>
        </genres>
        <actors>
            <aname>Riz Ahmed</aname>
            <aname>Steven Beckingham</aname>
            <aname>George W. Bush</aname>
            <aname>Nancy Crane</aname>
            <aname>Christopher Fosh</aname>
        </actors>
        <directors>
            <director>Michael Winterbottom</director>
            <director>Mat Whitecross</director>

        </directors>
        <producers>
            <producer>Andrew Eaton</producer>
            <producer>Melissa Parmenter</producer>
            <producer>Michael Winterbottom</producer>
        </producers>
        <studios>
            <studio>Roadside Attractions</studio>
        </studios>
    </movie>
    <movie>
        <title>Wordplay</title>
        <prepurchase>false</prepurchase>
        <rating>G</rating>
        <mtime>
            <time>12:20:00</time>
            <time>14:20:00</time>
            <time>17:05:00</time>
            <time>19:30:00</time>
            <time>21:50:00</time>
        </mtime> 
        <release>2006-06-16</release>
        <duration>PT1H30M</duration> 
        <genres>
            <genre>Documentary</genre>
        </genres>
        <actors>
            <aname>Will Shortz</aname>
            <aname>Jon Stewart</aname>
            <aname>Bill Clinton</aname>
            <aname>Bob Dole</aname>
            <aname>Mike Mussina</aname>
        </actors>
        <directors>
            <director>Patrick Creadon</director>
        </directors>
        <producers>
            <producer>Christine O&apos;Malley</producer>
        </producers>
        <studios>
            <studio>IFC Films</studio>
        </studios>
    </movie>
</movies>    